{
  "(40.0, 50.0)": {
    "(0.0, 0.7)": [
      0.029167415039586503, 
      0.001527269908660447
    ], 
    "(1.4, 1.65)": [
      0.03846432569329485, 
      0.003413307573905362
    ], 
    "(1.65, 1.9)": [
      0.033684484787936834, 
      0.0036031243924862515
    ], 
    "(2.15, 2.4)": [
      0.041338723179212014, 
      0.004687463759735701
    ], 
    "(1.9, 2.15)": [
      0.04162190393920274, 
      0.0043316183138967105
    ], 
    "(0.7, 1.4)": [
      0.03813113498663982, 
      0.0019008785497639457
    ]
  }, 
  "(400.0, 500.0)": {
    "(0.0, 0.7)": [
      0.041355003854455064, 
      0.0053971471441015655
    ], 
    "(1.4, 1.65)": [
      0.011411481858311881, 
      0.004292465491962952
    ], 
    "(1.65, 1.9)": [
      0.033036401831753756, 
      0.01029089026733606
    ], 
    "(2.15, 2.4)": [
      0.01262400230785145, 
      0.012522500535753732
    ], 
    "(1.9, 2.15)": [
      0.018195585106091757, 
      0.008444365120844366
    ], 
    "(0.7, 1.4)": [
      0.029857988695188093, 
      0.004924851211057148
    ]
  }, 
  "(290.0, 310.0)": {
    "(0.0, 0.7)": [
      0.04503164647908519, 
      0.006492875891552826
    ], 
    "(1.4, 1.65)": [
      0.04270422662059525, 
      0.011821541164696941
    ], 
    "(1.65, 1.9)": [
      0.07656323984285678, 
      0.01771087253848672
    ], 
    "(2.15, 2.4)": [
      0.027494366086856632, 
      0.012010216806901057
    ], 
    "(1.9, 2.15)": [
      0.016650599817593183, 
      0.008710431331737066
    ], 
    "(0.7, 1.4)": [
      0.02988895133854589, 
      0.005299075116525812
    ]
  }, 
  "(230.0, 240.0)": {
    "(0.0, 0.7)": [
      0.053095087355533636, 
      0.006853473791964167
    ], 
    "(1.4, 1.65)": [
      0.0400841267993508, 
      0.011892617304368098
    ], 
    "(1.65, 1.9)": [
      0.029470379850957122, 
      0.010645475968227324
    ], 
    "(2.15, 2.4)": [
      0.035963698386526015, 
      0.01429572339717795
    ], 
    "(1.9, 2.15)": [
      0.037253952962094015, 
      0.013737103351374107
    ], 
    "(0.7, 1.4)": [
      0.04249836350619316, 
      0.006284809086860326
    ]
  }, 
  "(140.0, 150.0)": {
    "(0.0, 0.7)": [
      0.042591074052671235, 
      0.003587655580486976
    ], 
    "(1.4, 1.65)": [
      0.03294417159777515, 
      0.006669826991993521
    ], 
    "(1.65, 1.9)": [
      0.03924916272526472, 
      0.007819947501127472
    ], 
    "(2.15, 2.4)": [
      0.03601154790397363, 
      0.00917196674132901
    ], 
    "(1.9, 2.15)": [
      0.04297354880670785, 
      0.009208433661397173
    ], 
    "(0.7, 1.4)": [
      0.05219949205602601, 
      0.004474528208233123
    ]
  }, 
  "(250.0, 270.0)": {
    "(0.0, 0.7)": [
      0.03445012716634523, 
      0.004358103664756947
    ], 
    "(1.4, 1.65)": [
      0.03346152271153481, 
      0.008936655734147045
    ], 
    "(1.65, 1.9)": [
      0.03962990072345307, 
      0.0099354453280216
    ], 
    "(2.15, 2.4)": [
      0.034102576461620675, 
      0.01158673028914882
    ], 
    "(1.9, 2.15)": [
      0.030299467495397324, 
      0.009623262160141465
    ], 
    "(0.7, 1.4)": [
      0.04143659875530924, 
      0.005061662106832437
    ]
  }, 
  "(100.0, 110.0)": {
    "(0.0, 0.7)": [
      0.03824118814939044, 
      0.0027527241701740075
    ], 
    "(1.4, 1.65)": [
      0.0552381557722382, 
      0.006857963947446781
    ], 
    "(1.65, 1.9)": [
      0.035900497903953485, 
      0.006119619801643013
    ], 
    "(2.15, 2.4)": [
      0.024035219437291366, 
      0.006498125846239839
    ], 
    "(1.9, 2.15)": [
      0.037929064173020034, 
      0.006962297935548935
    ], 
    "(0.7, 1.4)": [
      0.04337576551989403, 
      0.0031968269070498994
    ]
  }, 
  "(160.0, 170.0)": {
    "(0.0, 0.7)": [
      0.04094839248607143, 
      0.003816022296997942
    ], 
    "(1.4, 1.65)": [
      0.04388228775903222, 
      0.008458297932840345
    ], 
    "(1.65, 1.9)": [
      0.038454355218806746, 
      0.008894237653144479
    ], 
    "(2.15, 2.4)": [
      0.033976491250900374, 
      0.010413395961235795
    ], 
    "(1.9, 2.15)": [
      0.0476088759065615, 
      0.01115317111861358
    ], 
    "(0.7, 1.4)": [
      0.05305040642807493, 
      0.004943763615885687
    ]
  }, 
  "(220.0, 230.0)": {
    "(0.0, 0.7)": [
      0.049673630355797374, 
      0.006047370758277683
    ], 
    "(1.4, 1.65)": [
      0.05219302255241255, 
      0.012834133552156061
    ], 
    "(1.65, 1.9)": [
      0.037652508300063496, 
      0.010697462676936038
    ], 
    "(2.15, 2.4)": [
      0.025769371018903524, 
      0.0108512793339651
    ], 
    "(1.9, 2.15)": [
      0.05422968492625585, 
      0.016037970054952583
    ], 
    "(0.7, 1.4)": [
      0.04262778274877291, 
      0.00591076966512516
    ]
  }, 
  "(80.0, 90.0)": {
    "(0.0, 0.7)": [
      0.03383669949516923, 
      0.0021889374539243458
    ], 
    "(1.4, 1.65)": [
      0.04589456716415859, 
      0.0057609463876095324
    ], 
    "(1.65, 1.9)": [
      0.04925866614453864, 
      0.006410840058383038
    ], 
    "(2.15, 2.4)": [
      0.041085745703332774, 
      0.007153147009678437
    ], 
    "(1.9, 2.15)": [
      0.03459544988485315, 
      0.005900646327740367
    ], 
    "(0.7, 1.4)": [
      0.039273165745075826, 
      0.0026771102543723785
    ]
  }, 
  "(110.0, 120.0)": {
    "(0.0, 0.7)": [
      0.039568668990999284, 
      0.0029163046382776935
    ], 
    "(1.4, 1.65)": [
      0.042812483670083855, 
      0.006264167135076287
    ], 
    "(1.65, 1.9)": [
      0.03801301696898052, 
      0.00659661040105142
    ], 
    "(2.15, 2.4)": [
      0.05464875726650179, 
      0.009882441885376589
    ], 
    "(1.9, 2.15)": [
      0.04981724432957815, 
      0.008597276577446052
    ], 
    "(0.7, 1.4)": [
      0.040280204448093514, 
      0.0032335495268428277
    ]
  }, 
  "(200.0, 210.0)": {
    "(0.0, 0.7)": [
      0.04480249190296294, 
      0.005068056610003266
    ], 
    "(1.4, 1.65)": [
      0.04977350991763882, 
      0.010674916600688351
    ], 
    "(1.65, 1.9)": [
      0.032418432637778744, 
      0.009217681576769679
    ], 
    "(2.15, 2.4)": [
      0.042525982187062224, 
      0.013506643321078711
    ], 
    "(1.9, 2.15)": [
      0.023039421497629175, 
      0.009247029190860168
    ], 
    "(0.7, 1.4)": [
      0.038451749256912304, 
      0.005114949063396366
    ]
  }, 
  "(90.0, 100.0)": {
    "(0.0, 0.7)": [
      0.035329504503681775, 
      0.002513587955626528
    ], 
    "(1.4, 1.65)": [
      0.05055666941692689, 
      0.005988363636627708
    ], 
    "(1.65, 1.9)": [
      0.04530666938247941, 
      0.006773828620728452
    ], 
    "(2.15, 2.4)": [
      0.040105121663795595, 
      0.00738534061763357
    ], 
    "(1.9, 2.15)": [
      0.047069255259860915, 
      0.007671452377929486
    ], 
    "(0.7, 1.4)": [
      0.041342666288673675, 
      0.002952349574880522
    ]
  }, 
  "(70.0, 80.0)": {
    "(0.0, 0.7)": [
      0.03552879057223387, 
      0.00212906218747892
    ], 
    "(1.4, 1.65)": [
      0.04007550121216589, 
      0.0046091522270068
    ], 
    "(1.65, 1.9)": [
      0.04187420195877112, 
      0.005563434894634223
    ], 
    "(2.15, 2.4)": [
      0.04109034022769821, 
      0.006553008636832406
    ], 
    "(1.9, 2.15)": [
      0.035779954199483266, 
      0.005495762677132685
    ], 
    "(0.7, 1.4)": [
      0.0395632302903214, 
      0.0025277675664401454
    ]
  }, 
  "(150.0, 160.0)": {
    "(0.0, 0.7)": [
      0.04013010648004205, 
      0.0036790806477263426
    ], 
    "(1.4, 1.65)": [
      0.04854175640886714, 
      0.00837185579751893
    ], 
    "(1.65, 1.9)": [
      0.039832890070010014, 
      0.009929875932142325
    ], 
    "(2.15, 2.4)": [
      0.032970630448070914, 
      0.009015703562824681
    ], 
    "(1.9, 2.15)": [
      0.03601919410452526, 
      0.00824983628232009
    ], 
    "(0.7, 1.4)": [
      0.043981588997551356, 
      0.004324044228299057
    ]
  },