{
  "(40.0, 50.0)": {
    "(0.0, 0.7)": [
      0.041355003854455064, 
      0.0053971471441015655
    ], 
    "(1.4, 1.65)": [
      0.011411481858311881, 
      0.004292465491962952
    ], 
    "(1.65, 1.9)": [
      0.033036401831753756, 
      0.01029089026733606
    ], 
    "(2.15, 2.4)": [
      0.01262400230785145, 
      0.012522500535753732
    ], 
    "(1.9, 2.15)": [
      0.018195585106091757, 
      0.008444365120844366
    ], 
    "(0.7, 1.4)": [
      0.029857988695188093, 
      0.004924851211057148
    ]
  }, 
  "(400.0, 500.0)": {
    "(0.0, 0.7)": [
      0.041355003854455064, 
      0.0053971471441015655
    ], 
    "(1.4, 1.65)": [
      0.011411481858311881, 
      0.004292465491962952
    ], 
    "(1.65, 1.9)": [
      0.033036401831753756, 
      0.01029089026733606
    ], 
    "(2.15, 2.4)": [
      0.01262400230785145, 
      0.012522500535753732
    ], 
    "(1.9, 2.15)": [
      0.018195585106091757, 
      0.008444365120844366
    ], 
    "(0.7, 1.4)": [
      0.029857988695188093, 
      0.004924851211057148
    ]
  }, 
  "(290.0, 310.0)": {
    "(0.0, 0.7)": [
      0.041355003854455064, 
      0.0053971471441015655
    ], 
    "(1.4, 1.65)": [
      0.011411481858311881, 
      0.004292465491962952
    ], 
    "(1.65, 1.9)": [
      0.033036401831753756, 
      0.01029089026733606
    ], 
    "(2.15, 2.4)": [
      0.01262400230785145, 
      0.012522500535753732
    ], 
    "(1.9, 2.15)": [
      0.018195585106091757, 
      0.008444365120844366
    ], 
    "(0.7, 1.4)": [
      0.029857988695188093, 
      0.004924851211057148
    ]
  }, 
  "(230.0, 240.0)": {
    "(0.0, 0.7)": [
      0.041355003854455064, 
      0.0053971471441015655
    ], 
    "(1.4, 1.65)": [
      0.011411481858311881, 
      0.004292465491962952
    ], 
    "(1.65, 1.9)": [
      0.033036401831753756, 
      0.01029089026733606
    ], 
    "(2.15, 2.4)": [
      0.01262400230785145, 
      0.012522500535753732
    ], 
    "(1.9, 2.15)": [
      0.018195585106091757, 
      0.008444365120844366
    ], 
    "(0.7, 1.4)": [
      0.029857988695188093, 
      0.004924851211057148
    ]
  }, 
  "(140.0, 150.0)": {
    "(0.0, 0.7)": [
      0.041355003854455064, 
      0.0053971471441015655
    ], 
    "(1.4, 1.65)": [
      0.011411481858311881, 
      0.004292465491962952
    ], 
    "(1.65, 1.9)": [
      0.033036401831753756, 
      0.01029089026733606
    ], 
    "(2.15, 2.4)": [
      0.01262400230785145, 
      0.012522500535753732
    ], 
    "(1.9, 2.15)": [
      0.018195585106091757, 
      0.008444365120844366
    ], 
    "(0.7, 1.4)": [
      0.029857988695188093, 
      0.004924851211057148
    ]
  }, 
  "(250.0, 270.0)": {
    "(0.0, 0.7)": [
      0.041355003854455064, 
      0.0053971471441015655
    ], 
    "(1.4, 1.65)": [
      0.011411481858311881, 
      0.004292465491962952
    ], 
    "(1.65, 1.9)": [
      0.033036401831753756, 
      0.01029089026733606
    ], 
    "(2.15, 2.4)": [
      0.01262400230785145, 
      0.012522500535753732
    ], 
    "(1.9, 2.15)": [
      0.018195585106091757, 
      0.008444365120844366
    ], 
    "(0.7, 1.4)": [
      0.029857988695188093, 
      0.004924851211057148
    ]
  }, 
  "(100.0, 110.0)": {
    "(0.0, 0.7)": [
      0.041355003854455064, 
      0.0053971471441015655
    ], 
    "(1.4, 1.65)": [
      0.011411481858311881, 
      0.004292465491962952
    ], 
    "(1.65, 1.9)": [
      0.033036401831753756, 
      0.01029089026733606
    ], 
    "(2.15, 2.4)": [
      0.01262400230785145, 
      0.012522500535753732
    ], 
    "(1.9, 2.15)": [
      0.018195585106091757, 
      0.008444365120844366
    ], 
    "(0.7, 1.4)": [
      0.029857988695188093, 
      0.004924851211057148
    ]
  }, 
  "(160.0, 170.0)": {
    "(0.0, 0.7)": [
      0.041355003854455064, 
      0.0053971471441015655
    ], 
    "(1.4, 1.65)": [
      0.011411481858311881, 
      0.004292465491962952
    ], 
    "(1.65, 1.9)": [
      0.033036401831753756, 
      0.01029089026733606
    ], 
    "(2.15, 2.4)": [
      0.01262400230785145, 
      0.012522500535753732
    ], 
    "(1.9, 2.15)": [
      0.018195585106091757, 
      0.008444365120844366
    ], 
    "(0.7, 1.4)": [
      0.029857988695188093, 
      0.004924851211057148
    ]
  }, 
  "(220.0, 230.0)": {
    "(0.0, 0.7)": [
      0.041355003854455064, 
      0.0053971471441015655
    ], 
    "(1.4, 1.65)": [
      0.011411481858311881, 
      0.004292465491962952
    ], 
    "(1.65, 1.9)": [
      0.033036401831753756, 
      0.01029089026733606
    ], 
    "(2.15, 2.4)": [
      0.01262400230785145, 
      0.012522500535753732
    ], 
    "(1.9, 2.15)": [
      0.018195585106091757, 
      0.008444365120844366
    ], 
    "(0.7, 1.4)": [
      0.029857988695188093, 
      0.004924851211057148
    ]
  }, 
  "(80.0, 90.0)": {
    "(0.0, 0.7)": [
      0.041355003854455064, 
      0.0053971471441015655
    ], 
    "(1.4, 1.65)": [
      0.011411481858311881, 
      0.004292465491962952
    ], 
    "(1.65, 1.9)": [
      0.033036401831753756, 
      0.01029089026733606
    ], 
    "(2.15, 2.4)": [
      0.01262400230785145, 
      0.012522500535753732
    ], 
    "(1.9, 2.15)": [
      0.018195585106091757, 
      0.008444365120844366
    ], 
    "(0.7, 1.4)": [
      0.029857988695188093, 
      0.004924851211057148
    ]
  }, 
  "(60.0, 70.0)": {
    "(0.0, 0.7)": [
      0.041355003854455064, 
      0.0053971471441015655
    ], 
    "(1.4, 1.65)": [
      0.011411481858311881, 
      0.004292465491962952
    ], 
    "(1.65, 1.9)": [
      0.033036401831753756, 
      0.01029089026733606
    ], 
    "(2.15, 2.4)": [
      0.01262400230785145, 
      0.012522500535753732
    ], 
    "(1.9, 2.15)": [
      0.018195585106091757, 
      0.008444365120844366
    ], 
    "(0.7, 1.4)": [
      0.029857988695188093, 
      0.004924851211057148
    ]
  }, 
  "(200.0, 210.0)": {
    "(0.0, 0.7)": [
      0.041355003854455064, 
      0.0053971471441015655
    ], 
    "(1.4, 1.65)": [
      0.011411481858311881, 
      0.004292465491962952
    ], 
    "(1.65, 1.9)": [
      0.033036401831753756, 
      0.01029089026733606
    ], 
    "(2.15, 2.4)": [
      0.01262400230785145, 
      0.012522500535753732
    ], 
    "(1.9, 2.15)": [
      0.018195585106091757, 
      0.008444365120844366
    ], 
    "(0.7, 1.4)": [
      0.029857988695188093, 
      0.004924851211057148
    ]
  }, 
  "(90.0, 100.0)": {
    "(0.0, 0.7)": [
      0.041355003854455064, 
      0.0053971471441015655
    ], 
    "(1.4, 1.65)": [
      0.011411481858311881, 
      0.004292465491962952
    ], 
    "(1.65, 1.9)": [
      0.033036401831753756, 
      0.01029089026733606
    ], 
    "(2.15, 2.4)": [
      0.01262400230785145, 
      0.012522500535753732
    ], 
    "(1.9, 2.15)": [
      0.018195585106091757, 
      0.008444365120844366
    ], 
    "(0.7, 1.4)": [
      0.029857988695188093, 
      0.004924851211057148
    ]
  }, 
  "(70.0, 80.0)": {
    "(0.0, 0.7)": [
      0.041355003854455064, 
      0.0053971471441015655
    ], 
    "(1.4, 1.65)": [
      0.011411481858311881, 
      0.004292465491962952
    ], 
    "(1.65, 1.9)": [
      0.033036401831753756, 
      0.01029089026733606
    ], 
    "(2.15, 2.4)": [
      0.01262400230785145, 
      0.012522500535753732
    ], 
    "(1.9, 2.15)": [
      0.018195585106091757, 
      0.008444365120844366
    ], 
    "(0.7, 1.4)": [
      0.029857988695188093, 
      0.004924851211057148
    ]
  }, 
  "(150.0, 160.0)": {
    "(0.0, 0.7)": [
      0.041355003854455064, 
      0.0053971471441015655
    ], 
    "(1.4, 1.65)": [
      0.011411481858311881, 
      0.004292465491962952
    ], 
    "(1.65, 1.9)": [
      0.033036401831753756, 
      0.01029089026733606
    ], 
    "(2.15, 2.4)": [
      0.01262400230785145, 
      0.012522500535753732
    ], 
    "(1.9, 2.15)": [
      0.018195585106091757, 
      0.008444365120844366
    ], 
    "(0.7, 1.4)": [
      0.029857988695188093, 
      0.004924851211057148
    ]
  },